<?xml version="1.0" encoding="UTF-8"?>
<metadata xml:lang="ru"><Esri><CreaDate>20241025</CreaDate><CreaTime>14210100</CreaTime><ArcGISFormat>1.0</ArcGISFormat><SyncOnce>TRUE</SyncOnce><DataProperties><lineage><Process ToolSource="c:\program files (x86)\arcgis\desktop10.5\ArcToolbox\Toolboxes\Data Management Tools.tbx\CalculateField" Date="20241025" Time="142101">CalculateField 29sept2023 name_2 [Name] VB #</Process><Process ToolSource="c:\program files (x86)\arcgis\desktop10.5\ArcToolbox\Toolboxes\Data Management Tools.tbx\CalculateField" Date="20250110" Time="120221">CalculateField 29sept2023 2023 1 VB #</Process><Process ToolSource="c:\program files (x86)\arcgis\desktop10.5\ArcToolbox\Toolboxes\Data Management Tools.tbx\CalculateField" Date="20250110" Time="120333">CalculateField 29sept2023 2024 1 VB #</Process><Process ToolSource="c:\program files (x86)\arcgis\desktop10.5\ArcToolbox\Toolboxes\Data Management Tools.tbx\CalculateField" Date="20250110" Time="120411">CalculateField 29sept2023 2024 1 VB #</Process></lineage></DataProperties></Esri></metadata>
